{"cameraMode":{"drawMode":0,"name":"Shaded","section":"Shading Mode"},"sceneLighting":true,"audioPlay":false,"sceneViewState":{"showFog":true,"showMaterialUpdate":false,"showSkybox":true,"showFlares":true,"showImageEffects":true,"showParticleSystems":true},"in2DMode":false,"pivot":{"x":0.17653153836727143,"y":0.8825758695602417,"z":0.05561952292919159},"rotation":{"x":0.004308709874749184,"y":0.9921653866767883,"z":-0.11963468044996262,"w":0.03573339432477951},"size":1.3039817810058594,"orthographic":false}