{"cameraMode":{"drawMode":0,"name":"Shaded","section":"Shading Mode"},"sceneLighting":false,"audioPlay":false,"sceneViewState":{"showFog":true,"showMaterialUpdate":false,"showSkybox":false,"showFlares":true,"showImageEffects":true,"showParticleSystems":true},"in2DMode":false,"pivot":{"x":0.10281993448734284,"y":0.7460981607437134,"z":0.010299205780029297},"rotation":{"x":-0.006366661284118891,"y":0.9856292009353638,"z":-0.16443443298339845,"w":-0.038162000477313998},"size":1.0428721904754639,"orthographic":false}